"Elenco","Dominus","Nome","Cognome","Ammende"
"1","False","Freronus","Pischator","c, e"
"2","False","Giullelmus de","Palatera",
"3","False","Guillelmus","Capra","d, e"
"4","False","Beondonus","Manuell","b, c, d"
"5","False","Leonardonus","Raschierius","c, d"
"6","False","Anthonius","Costa","c, d"
"7","False","Francexius","Boverinus","e"
"8","False","Facinus","Lischator","e"
"9","False","Bertinonus","Balangerius",
"10","False","Iohaninus","Guarinus","e"
"11","False","Bertotus","Guaschus",
"12","False","Castelanus","Cor","d, e"
"13","False","Bertramonus","Gracianus",
"14","False","Bertinus","Crestinus","e"
"15","False","Iohaninus","Alamanus","c, e"
"16","False","Iohannes","Crossetus","e"
"17","False","Iohanoetus","Formaxerius","e"
"18","False","Henriotus filius quondam Henrici","Fornerius","c, d"
"19","False","Guiceonus de","Orbezorio",
"20","False","Berteramus","Caregarius","a, c, d"
"21","False","Rayemondus","Maglanus","c"
"22","False","Bertonus Bonus","Petrus","d, e"
"23","False","Milo","Fatigerius",
"24","False","Ardicio","Bernardus","d"
"25","False","Nicholinus","Candellus",
"26","False","Marinus de","Prato",
"27","False","Matheus","Carlevarius","e"
"28","False","Iohanonus de","Cerecto","d, e"
"29","False","Giullielum, filius quondam Giullelmi","Corbellius","c, d, e"
"30","False","Hanriotus","Monsurdus","c"
"31","False","Perinonus de","Lapiancha","a"
"32","False","Vercelinus","Baralis","c, e"
"33","False","Vercelinus de","Orbezorio","e"
"34","False","Rayemondus","Cavigla","d"
"35","False","Bartolomeus de","Petito","c"
"36","False","Bertonus","Bechus","c, e"
"37","False","Thomazonus de","Faber Marterascho","d, e"
"38","False","Iacomonus, filius quondam Thomazoni de","Rivalba",
"39","False","Oddoninus de","Berro",
"40","False","Bertholomeus","Sucius","c, e"
"41","False","Guydetus","Rufus","c, d, e"
"42","False","Vercelus","Chcicus","b"
"43","False","Maronus","Candelerius","c"
"44","False","Peronus de","Gerardus","e"
"45","False","Thomacinus de","Lavigia","b, e"
"46","False","Hanrionus de","Terbuea",
"47","False","Anthonius","Bencius","e"
"48","False","Iohaninus de","Novolis","b, c, d, e"
"49","False","Bertonus","Cavaterius","d, e"
"50","False","Ubertus","Chiapus","e"
"51","False","Perinonus","Barberinus","d, e"
"52","False","Iohannes de","Becho","e"
"53","False","Percevalus de","Tagloto","c, d, e"
"54","False","Raemondinus","Crestinus",
"55","False","Danielus de","Chasascho","b, e"
"56","False","Bartolomeus","Dodelius",
"57","False","Iacominus, filiu quondam Perini de","Villa","d, e"
"58","False","Oddonelus","Vectulus","d, e"
"59","False","Franceschonus","Gualfredus","c"
"60","False","Ardicio","Fraza",
"61","False","Facionus","Buschetus","e"
"62","False","Bertotus de","Ciglanno","d"
"63","False","Bertotus","Tanna",
"64","False","Bucius","Germanus",
"65","False","Bachinus","Fornerius","h"
"66","False","Guillelmonus","Pepinus","a, c, d, e"
"67","False","Ardicio","Mastorchus",
"68","False","Conradinus de","Mondonio",
"69","False","Iohaninus","Gosbertus",
"70","False","Bertrannus","Guarnerius",
"71","False","Faciotus","Guaschus",
"72","False","Iohanoetus","Martellus","b"
"73","False","Iacomonus","Corbelerius","b, c, d, e"
"74","False","Guillelmonus","Bechus","e"
"75","False","Simondus de","Paxanno",
