"Elenco","Carta","Mese","Dominus","Nome","Cognome"
"1","f. 11 v.","novembre","False","Bonifacius","Bozonus"
"2","f. 11 v.","novembre","False","Ardicio","Costa"
"3","f. 11 v.","novembre","False","Oddonus","Blanchus"
"4","f. 11 v.","novembre","False","Iacobus de","Gerbo"
"5","f. 25 v.","dicembre","False","Ubertetus","Pullolius"
"6","f. 25 v.","dicembre","False","Matheus de","Tagloto"
"7","f. 25 v.","dicembre","False","Bartolomeus","Dodelius"
"8","f. 25 v.","dicembre","False","Bertotus","Momus"
"9","f. 30 v.","gennaio","False","Raimondus","Zama"
"10","f. 30 v.","gennaio","False","Perinus de","Castello"
"11","f. 30 v.","gennaio","False","Iocelinu de","Palami"
"12","f. 30 v.","gennaio","False","Folchetus","Gualdonus"
"13","f. 36 r.","febbraio","False","Amedeus","Manducapanis"
"14","f. 36 r.","febbraio","False","Milo","Gribaudus"
"15","f. 36 r.","febbraio","False","Alexander de","Folia"
"16","f. 36 r.","febbraio","False","Bertotus","Mezonus"
"17","f. 23* v.","marzo","False","Perinus","Balbus"
"18","f. 23* v.","marzo","False","Petrus","Vandonus"
"19","f. 23* v.","marzo","False","Francessius","Raschierius"
"20","f. 23* v.","marzo","False","Brunus de","Gerbo"
"21","f. 24* r.","aprile","False","Philippinus","Gribaudus"
"22","f. 24* r.","aprile","False","Oddonus","Simiomus"
"23","f. 24* r.","aprile","False","Conradinus","Pullolius"
"24","f. 24* r.","aprile","False","Thomaynus","Tana"
"25","f. 52 v.","maggio","False","Albertinus","Dodelius"
"26","f. 52 v.","maggio","False","Andreonus","Bertonus"
"27","f. 52 v.","maggio","False","Ruffinus","Caracius"
"28","f. 52 v.","maggio","False","Milo de","Podio"
"29","f. 59 v.","giugno","True","Papenianus de","Pasquerio"
"30","f. 59 v.","giugno","False","Perinus","Gruatus"
"31","f. 59 v.","giugno","False","Iohannonus de","Raveta"
"32","f. 59 v.","giugno","False","Nicholotus de","Ysto"
"33","f. 65 r.","luglio","True","Obertinus","Costa"
"34","f. 65 r.","luglio","False","Iacobinus filius quondam Ruffineti","Balbi"
"35","f. 65 r.","luglio","False","Luciotus","Merlo"
"36","f. 65 r.","luglio","False","Manca per omissione",
"37","f. 72 r.","agosto","False","Matheus de","Tagloto"
"38","f. 72 r.","agosto","False","Millonus","Symeonus"
"39","f. 72 r.","agosto","False","Perinus de","Castello"
"40","f. 72 r.","agosto","False","Iohannes","Pullolius"
"41","f. 77 v.","settembre","False","Manuel","Porrus"
"42","f. 77 v.","settembre","False","Raimondus","Zama"
"43","f. 77 v.","settembre","False","Franceschus de","Marcadillo"
"44","f. 77 v.","settembre","False","Iacobinus","Bernaldus"
"45","f. 85 r.","ottobre","False","Colinus","Pischator"
"46","f. 85 r.","ottobre","False","Iacobinus de","Rosso"
"47","f. 85 r.","ottobre","False","Ardicio","Maritanus"
"48","f. 85 r.","ottobre","False","Guillelmus","Formagerius"
