"Elenco","Carta","Data","Nome","Cognome","Durata della carica","Tipo di notaio","Per"
"1","f. 13 r.","31 ottobre","Perinotus","Costa","novembre e dicembre"," del comune","Dom. Milonem Raschierium"
"2","f. 13 r.","31 ottobre","Thomaynus","Tana","novembre e dicembre","del comune","Bertolinum Sibonum"
"3","f. 13 r.","31 ottobre","Petrus","Vandonus","novembre e dicembre","massario","Benedictum Broliam"
"4","f. 13 r.","31 ottobre","Anthonius","Frexius","novembre e dicembre","del comune","Michelem Richum"
"5","f. 13 r.","31 ottobre","Facionus de","Paytodo","novembre e dicembre","del comune","Guidetum Ratum"
"6","f. 13 r.","31 ottobre","Iacobinus","Bucius","novembre e dicembre","massario","Melanonum Putheum"
"7","f. 23* r.","26 febbraio","Oddonellus","Yratus",,"del comune","Henricium Scutinum"
"8","f. 23* r.","26 febbraio","Bartolomeus","Corbella",,"del comune","Iacobinum Corbellam"
"9","f. 23* r.","26 febbraio","Guillelmus","Maritanus",,"del comune","Iacobum Maritanum"
"10","f. 23* r.","26 febbraio","Antonius filius Facica Guaschi","Guaschum",,"del comune","Oddoninum Guaschum"
"11","f. 23* r.","26 febbraio","Martinus","Alamanus",,"massario","se stesso"
"12","f. 23* r.","26 febbraio","Bartolomeus","Capaster",,"massario","Petrum Valentem"
"13","f. 29* r.","30 giugno","Bortolotus","Raschierius",,"massario","Antonium Merlonem"
"14","f. 29* r.","30 giugno","Iohannes","Pullolius",,"massario","se stesso"
"15","f. 29* r.","30 giugno","Henricus","Scutinus",,"del comune","Giullelmonum Russum"
"16","f. 29* r.","30 giugno","Thoma","Tana",,"del comune","Guillelmum Navarotum"
"17","f. 29* r.","30 giugno","Milo de","Podio",,"del comune","se stesso"
"18","f. 29* r.","30 giugno","Martinus","Alamanus",,,"Ubertum Grassum"
